gender,name.title,name.first,name.last,nat
male,mr,cesar,martin,ES
female,mrs,phoebe,collins,IE
male,mr,حسین,سالاری,IR
female,ms,arlene,carter,AU
male,mr,travis,austin,US
male,mr,andrés,melo,BR
female,miss,kelly,harris,IE
female,mrs,júlia,oliveira,BR
female,miss,natalie,hughes,NZ
female,ms,آوا,زارعی,IR
female,miss,آیلین,علیزاده,IR
female,mademoiselle,annamarie,le gall,CH
male,monsieur,janick,mercier,CH
male,mr,souhail,kremer,NL
male,mr,heinz-gerd,wenger,DE
female,ms,caroline,rasmussen,DK
female,miss,ramona,patterson,AU
male,monsieur,uwe,dumont,CH
male,mr,bernard,castro,US
male,mr,leon,meyer,AU
female,mrs,melissa,morrison,IE
female,miss,julia,gordon,GB
male,mr,lyam,rolland,FR
male,mr,kerim,keçeci,TR
female,mrs,bella,kumar,NZ
male,mr,vincent,wells,GB
female,ms,erin,neal,IE
female,ms,garance,roy,FR
male,mr,vedat,akgül,TR
female,mrs,maya,liu,CA
female,mrs,peppi,niskanen,FI
male,mr,benício,sales,BR
male,mr,nikolaj,jensen,DK
male,mr,leo,johnson,CA
female,miss,ute,rank,DE
female,miss,emily,andersen,DK
male,mr,franklin,andrews,AU
female,mrs,angelika,arctander,NO
female,ms,gül,menemencioğlu,TR
female,ms,nalan,karaböcek,TR
female,ms,frida,larsen,DK
female,ms,سارا,حسینی,IR
female,mrs,viridiana,santos,BR
male,mr,gui,alves,BR
female,ms,alessandra,das neves,BR
male,monsieur,victor,riviere,CH
female,mrs,milia,worren,NO
male,mr,august,jensen,DK
male,mr,ryan,simmons,US
male,mr,امیر,جعفری,IR
female,ms,annamaria,stöhr,DE
male,mr,archie,turner,NZ
male,mr,necati,çağıran,TR
female,mrs,sedef,tanrıkulu,TR
male,mr,zi,kromkamp,NL
female,mrs,kathy,moreno,US
female,ms,mestan,eliçin,TR
female,ms,karla,petersen,DK
female,mrs,astrid,thomsen,DK
male,mr,rufino,pires,BR
male,mr,vedat,okur,TR
male,mr,macit,beşok,TR
female,ms,julia,pietila,FI
female,miss,lydia,phillips,AU
male,mr,elias,rasmussen,DK
male,monsieur,josef,rousseau,CH
male,mr,ashton,wright,NZ
female,mrs,florence,cooper,NZ
male,mr,jessie,larson,AU
male,mr,raul,pascual,ES
female,ms,ella,chen,NZ
male,mr,carter,edwards,NZ
female,ms,ülkü,aydan,TR
female,ms,maria,tveitan,NO
male,mr,jonathan,peterson,AU
male,monsieur,julius,garnier,CH
female,miss,amy,gunnestad,NO
female,miss,alicja,tokerud,NO
female,mrs,miriam,soto,ES
female,ms,isla,hall,NZ
male,mr,شایان,کامروا,IR
male,mr,garcia,gonçalves,BR
female,miss,evie,prenger,NL
female,ms,آرمیتا,موسوی,IR
female,ms,sofie,christensen,DK
male,mr,fletcher,singh,NZ
female,mrs,aino,elo,FI
female,mrs,ege,balaban,TR
female,ms,birthe,baumeister,DE
female,mrs,evie,wood,NZ
female,mrs,virginia,saez,ES
male,mr,reginald,jones,US
male,mr,jeremiah,duncan,AU
female,mrs,freja,andersen,DK
female,ms,sedef,erberk,TR
male,mr,محمد,سالاری,IR
female,ms,victoria,meyer,FR
male,mr,bruno,fjelldal,NO
male,mr,rimmer,severs,NL
female,miss,venla,seppala,FI
male,mr,ali,gürmen,TR
female,mrs,angie,van de vorstenbosch,NL
female,miss,erin,banks,IE
male,mr,adolfo,gomez,ES
female,mrs,antonia,campos,ES
female,mrs,melike,kaplangı,TR
male,mr,angel,herrero,ES
male,mr,christian,dominguez,ES
female,miss,martha,herrera,GB
male,mr,علی,حیدری,IR
male,mr,vilho,tuomi,FI
male,mr,maurizio,zech,DE
male,mr,alvin,schellekens,NL
male,mr,victor,nybakk,NO
male,mr,jeremy,van zeist,NL
male,mr,sergio,kemper,DE
male,mr,audun,guttorm,NO
male,mr,andreas,kristensen,DK
female,miss,taylor,sullivan,AU
female,ms,annabelle,evans,NZ
female,mrs,mia,weitz,DE
female,ms,sofie,andersen,DK
female,mrs,sofie,rasmussen,DK
male,mr,aiden,macdonald,CA
male,mr,howard,spencer,US
female,madame,julia,philippe,CH
female,ms,sedef,keçeci,TR
male,mr,gabriel,singh,CA
male,mr,gavin,reed,IE
female,mrs,dianne,holt,US
male,mr,حسین,نجاتی,IR
female,miss,melissa,ferguson,AU
male,mr,jimmie,pena,AU
male,mr,birk,landmark,NO
female,miss,amelia,gibson,GB
male,mr,özkan,nalbantoğlu,TR
male,mr,charles,morris,NZ
female,miss,emily,patel,CA
male,mr,albertino,lima,BR
male,mr,kaya,özberk,TR
male,mr,soham,chambers,AU
male,mr,oliver,thomas,NZ
male,mr,loan,da silva,FR
female,miss,ege,karaböcek,TR
male,mr,francis,frazier,IE
female,mrs,mirela,helmons,NL
male,mr,soham,dixon,GB
male,monsieur,raffaele,dubois,CH
male,mr,joerg,hintz,DE
female,miss,lucy,graves,GB
male,mr,vitus,holland,DE
male,monsieur,walter,jean,CH
male,monsieur,mohamad,fontai,CH
female,miss,héloïse,moreau,FR
female,mrs,ege,kumcuoğlu,TR
female,mademoiselle,ronja,lambert,CH
male,mr,adonai,da mata,BR
male,mr,marcus,palmer,US
female,miss,freya,wang,NZ
male,mr,elias,møller,DK
female,miss,charlotte,hovin,NO
female,ms,hayley,smith,NZ
male,monsieur,björn,thomas,CH
female,ms,megan,patterson,US
female,mrs,zulmara,rezende,BR
female,miss,neea,aho,FI
male,mr,remo,zech,DE
female,ms,naomi,durand,FR
female,ms,زهرا,موسوی,IR
male,mr,michael,patel,NZ
female,ms,sheryl,fernandez,GB
female,miss,linea,nordmark,NO
female,ms,madeleine,schönberg,DE
female,madame,ute,bertrand,CH
female,miss,camille,durand,FR
male,mr,craig,ortiz,GB
female,mrs,latife,ekşioğlu,TR
female,mademoiselle,léonie,denis,CH
male,mr,karsten,mjøs,NO
male,monsieur,naser,bernard,CH
male,mr,oscar,dunn,GB
female,ms,adina,willer,DE
male,monsieur,ludovic,lambert,CH
male,mr,batur,süleymanoğlu,TR
male,mr,tijs,van herwaarden,NL
female,miss,zita,schwenk,DE
male,mr,niko,bielefeld,DE
female,miss,lilo,lüdtke,DE
male,mr,ragnar,skjæveland,NO
female,ms,iida,hanka,FI
male,monsieur,maik,giraud,CH
male,mr,coşkun,balcı,TR
male,mr,eetu,mattila,FI
male,mr,adam,garza,US
female,mrs,ashley,snyder,GB
male,mr,isidro,duarte,BR
female,ms,beverly,gomez,AU
male,monsieur,adrien,gaillard,CH
male,mr,beau,hughes,NZ
male,mr,tyler,mckinney,IE
